吃好喝好去接水,"[1049, 1273, 664, 755, 1005, 186, 371, 379, 814, 433, 248, 1100, 94, 889, 980, 190, 1135, 1129, 303, 292, 634, 1319, 399, 842, 1250, 1084, 413, 92, 1285, 142, 864, 60, 1107, 1101, 1069, 139, 336, 998, 1281, 638, 839, 716, 335, 1303, 1010, 59, 1181, 401, 840, 685, 169, 535, 976, 1210, 1088, 952, 1109, 246, 693, 753, 1083, 380, 1075, 826, 618, 152, 898, 64, 849, 210, 658, 982, 993, 1198, 1122, 691, 744]"
究竟是怎样的结局配得上这一路的颠沛流离,"[106, 159, 698, 1311, 706, 398, 887, 1174, 1179, 468, 557, 317, 1051, 759, 587, 1047, 981, 507, 1023, 1040, 729, 538, 778, 453, 785, 623, 520, 1158, 938, 1228, 1234, 466, 346, 132, 554, 419, 977, 710, 259, 969, 26, 757, 291, 769, 383, 1258, 1191, 469, 517, 67, 238, 269, 782, 1317, 153, 627, 893, 273, 1116, 1039, 830, 649, 692, 580, 163, 1304, 741, 40, 613, 926, 790, 283, 1207, 277, 495, 772, 1090]"
rzzz 1:1,"[164, 1132, 1212, 458, 51, 252, 740, 555, 915, 1300, 530, 1177, 1255, 540, 908, 1006, 1222, 1070, 805, 243, 154, 235, 1082, 1036, 639, 827, 899, 628, 606, 859, 704, 697, 434, 552, 117, 1274, 855, 489, 261, 42, 797, 356, 36, 43, 828, 681, 768, 644, 262, 461, 949, 304, 690, 640, 598, 1219, 373, 133, 895, 589, 162, 241]"
乌冬,"[501, 457, 563, 491, 641, 323, 1146, 1045, 443, 574, 127, 955, 1277, 922, 134, 334, 12, 547, 447, 796, 120, 1192, 123, 626, 89, 223, 351, 1227, 801, 1203, 110, 77, 46, 208, 1085, 881, 873, 524, 1152, 198, 1322, 1126, 1048, 245, 20, 244, 1190, 280, 1187, 529, 945, 171, 708, 177, 239, 7, 723, 125, 803, 558, 112, 807]"
梦魇敌酋,"[1057, 1280, 81, 1185, 69, 1237, 845, 497, 290, 1171, 297, 1054, 1150, 1241, 669, 492, 24, 512, 910, 188, 1183, 1068, 140, 1260, 608, 821, 526, 257, 1031, 569, 933, 268, 32, 777, 979, 1286, 1275, 760, 1245, 1128, 556, 578, 860, 581, 1009, 544, 959, 585, 856, 917]"
发呆的沼跃鱼,"[1026, 1141, 885, 786, 105, 400, 1156, 1204, 104, 282, 711, 442, 1071, 783, 307, 1253, 418, 1238, 675, 1268, 471, 1230, 771, 1244, 247, 87, 369, 1112, 114, 1176, 38, 940, 527, 229, 404, 1232, 953, 215, 901, 748, 363, 680, 1134, 921, 936, 264, 118, 761, 948, 113]"
絮影蘋香,"[721, 332, 337, 343, 994, 1001, 746, 930, 674, 858, 983, 975, 909, 722, 10, 170, 1030, 6, 687, 1240, 1211, 119, 391, 1046, 683, 54, 35, 1105, 488, 1182, 1296, 459, 472, 451, 514, 406, 1297, 160, 236, 279, 300, 957, 545]"
yylzsj1：1  flags,"[736, 1114, 1121, 665, 907, 779, 124, 1224, 504, 967, 16, 894, 183, 950, 892, 870, 682, 1086, 832, 523, 637, 14, 614, 161, 838, 758, 148, 480, 366, 250, 86]"
允水晶,"[798, 946, 189, 857, 1167, 836, 178, 192, 1157, 1217, 18, 227, 267, 1155, 833, 313, 22, 686, 130, 595, 799, 129, 354, 1124, 405, 499, 179, 1313, 203, 668]"
kusuri,"[305, 394, 91, 536, 486, 699, 295, 1148, 819, 730, 1321, 85, 773, 1016, 1315, 128, 835, 597, 510, 916, 387, 679, 1096, 1003, 1290, 121, 1278, 543]"
一碗叉烧饭,"[333, 867, 338, 802, 1200, 989, 29, 474, 703, 1110, 789, 1256, 11, 216, 228, 1091, 143, 865, 1108, 403, 528, 650, 764, 1055, 293, 441, 1236]"
木木枭,"[271, 1094, 584, 454, 427, 53, 310, 815, 99, 567, 970, 253, 299, 1117, 1099, 742, 1254, 776, 963, 590, 531, 157, 891, 1143, 604, 500]"
我的夏天快要结束啦,"[1308, 678, 572, 48, 534, 449, 616, 365, 409, 204, 342, 631, 747, 50, 76, 1178, 1214, 1092, 328, 1074, 156, 1028, 611, 1140, 2]"
中石器时代的故事,"[1056, 1044, 784, 478, 988, 233, 73, 774, 1264, 485, 712, 787, 231, 964, 1058, 455, 9, 8, 1008, 1064, 361, 947, 941, 571, 1249]"
没事睡觉中,"[1186, 370, 1247, 677, 1144, 70, 306, 503, 573, 1089, 330, 609, 654, 389, 990, 1139, 116, 695, 707, 1034, 850, 986, 496, 672, 340]"
冰淇琳yyh(最后波纹版,"[302, 23, 388, 438, 232, 1323, 928, 656, 1208, 532, 965, 1077, 45, 925, 603, 659, 1189, 82, 688, 415, 1151, 150, 207, 412, 103]"
123,"[411, 818, 1193, 1269, 381, 55, 560, 793, 1231, 278, 717, 851, 149, 601, 33, 662, 1081, 780, 900, 79, 1060, 1307, 1205, 3, 539]"
浅澜（1：1flag）,"[588, 972, 352, 971, 429, 96, 1283, 1021, 602, 484, 1018, 1097, 421, 1076, 904, 620, 653, 353, 422, 624, 1309, 456, 1266, 224, 324]"
铁血恬豆包,"[93, 482, 1102, 689, 31, 513, 847, 376, 663, 80, 1215, 4, 1242, 932, 1284, 344, 505, 1220, 750, 225, 724, 463, 285, 882, 201]"
愁莫渡江,"[1106, 15, 1199, 594, 66, 804, 1271, 548, 1042, 1011, 829, 508, 349, 848, 465, 1225, 648, 147, 1041, 906, 592, 1162, 414, 561, 62]"
临时文件夹,"[733, 1251, 498, 920, 432, 288, 822, 95, 709, 834, 1014, 880, 1246, 221, 1168, 452, 182, 382, 1138, 633, 218, 1017, 329]"
本池田,"[619, 666, 929, 1196, 1115, 824, 1197, 296, 1073, 564, 135, 287, 995, 766, 173, 1252, 646, 417, 944, 951, 725, 878]"
名字起太怪也不好,"[1267, 1142, 800, 1145, 126, 424, 1000, 1233, 138, 341, 1173, 546, 1164, 431, 978, 541, 1305, 1130]"
aki 1:1flag,"[553, 956, 751, 651, 75, 752, 1061, 715, 684, 872, 871, 566, 462, 1062, 852, 1206, 671, 1120]"
春雪丶,"[286, 542, 1262, 629, 997, 912, 775, 525, 854, 621, 794, 813, 1298, 1053, 490, 1033, 591]"
风尘不花果,"[661, 927, 1282, 84, 1154, 131, 1136, 321, 1287, 402, 320, 718, 1159, 905]"
粉色烂牙小猪,"[97, 942, 1065, 622, 537, 111, 319, 294, 315, 1276, 985, 475, 739]"
考拉,"[339, 506, 612, 309, 913, 367, 1248, 582, 605, 696, 1209, 973]"
我要吃人啦,"[47, 1310, 577, 187, 874, 408, 954, 72, 823, 1263, 115, 1104]"
Allegro,"[100, 825, 25, 788, 1066, 1002, 90, 378, 397, 249, 984, 470]"
小tāng,"[1160, 1295, 515, 479, 596, 966, 579, 1127, 599, 762, 141, 146]"
我曾在热烈的夏季,"[890, 193, 30, 1299, 396, 714, 226, 1243, 166, 1103, 437, 1059]"
依然,"[1098, 749, 636, 1202, 1078, 213, 816, 357, 732, 643, 473, 701]"
1:1flag东流,"[372, 924, 841, 1067, 550, 1118, 211, 318, 667, 968, 145, 359]"
AIR卡布奇诺,"[1019, 676, 258, 107, 713, 416, 767, 962, 565, 436, 876, 266]"
老实憨厚的Ci,"[770, 175, 1306, 961, 109, 1318, 502, 726, 884, 991, 795, 808]"
M-----177,"[570, 673, 435, 49, 206, 919, 13, 151, 846, 937, 172]"
CC_空屋,"[1261, 374, 136, 888, 1080, 407, 511, 270, 812, 493]"
Nxname,"[240, 765, 423, 448, 21, 1022, 1015, 195, 1163, 1050]"
Speranza,"[521, 655, 720, 234, 610, 931, 272, 322, 410, 670]"
许杨玉琢,"[1229, 1292, 481, 745, 810, 44, 393, 918, 386]"
劳动最光荣,"[1025, 83, 368, 791, 861, 326, 593, 347, 428]"
盛夏将逝,"[1052, 719, 308, 630, 1180, 1111, 987, 1201]"
icuzz,"[276, 1239, 902, 992, 632, 265, 202, 647]"
第010条鲨鱼,"[220, 657, 896, 1294, 1125, 242, 377]"
后左脆鲨,"[756, 576, 98, 168, 375, 1223, 237]"
Ameka,"[1257, 763, 1272, 1166, 385, 331, 27]"
安静爱cl,"[1175, 1131, 348, 174, 923, 1169]"
八慧,"[737, 1063, 731, 792, 1035, 568]"
福禄双霸天3.6flag,"[831, 63, 1216, 934, 879, 487]"
Barca,"[1024, 935, 1270, 358, 68, 999]"
oxygenkun,"[996, 360, 200, 549, 301, 1032]"
三冠王Max Verstappen,"[817, 1037, 575, 1012, 1027, 1093]"
mdylm flag,"[19, 519, 440, 212, 625, 284]"
言遇鍾生,"[727, 219, 868, 312, 209, 1043]"
七擒孟获,"[197, 853, 806, 522, 705, 362]"
喵九flag,"[869, 1, 214, 1149, 1087, 1213]"
major冠军麦克阿琳,"[635, 1301, 509, 1137, 518]"
不碍事,"[1291, 494, 256, 274, 1218]"
解释春风无限恨,"[837, 1007, 255, 700, 607]"
叶凡,"[222, 41, 1113, 734, 88]"
Team V出列！,"[364, 586, 1279, 101, 1161]"
陈小陈,"[5, 56, 392, 137, 314]"
小菜狗,"[180, 642, 483, 395, 914]"
tq,"[1293, 811, 1235, 185, 17]"
纳格尔斯曼,"[1165, 345, 1153, 74, 230]"
finfin,"[728, 34, 1119, 316, 263]"
九月September,"[102, 886, 476, 425]"
百利甜配美式加冰,"[1013, 446, 617, 167]"
踢风寻宝,"[155, 958, 559, 1302]"
dumpling,"[1020, 439, 862, 311]"
桐生一喵,"[57, 144, 350, 1172]"
拉扯大师369,"[943, 217, 194, 205]"
抹一缕月光,"[516, 694, 78, 645]"
Basiliscus,"[58, 600, 960, 1029]"
Mr.cleverpig,"[583, 176, 883]"
不要进厕所要进圈！,"[866, 1095, 1170]"
加油哇幸运星,"[1184, 39, 702]"
玩具城小兵,"[743, 445, 1314]"
李培楠,"[903, 28, 843]"
破甲专精,"[251, 877, 390]"
帕里亚,"[199, 467, 61]"
啊啊啊呀呵i,"[939, 71]"
1pril,"[289, 974]"
HJS,"[384, 260]"
小明的巾领红,"[1123, 562]"
漏电五郎,"[1312, 254]"
喝奶茶,"[1072, 738]"
明天晚上吃什么,"[863, 1195]"
净Zzz,"[420, 477]"
硬核昵称,"[450, 1226]"
逆熵_,"[37, 1259]"
可爱小又吃火锅,"[1265, 184]"
克苏鲁小琳浑身双马尾,"[781, 820]"
兔砸,"[65, 1038]"
元宝的go,"[897, 444]"
天赏,"[355, 181]"
不见王影,"[1133, 1288]"
Aluan,"[165, 464]"
吃冰冰的若酱,"[460, 1079]"
花满楼,"[735, 325]"
TheYoung_,"[551, 809]"
祈妄,"[298, 1316]"
吴ruan,"[196, 327]"
艾罗补脑汁,"[1004, 911]"
dingcross,"[1194, 158]"
大雁,[844]
戴眼镜的高尔夫球儿（hmtbs）,[1188]
不太会说话,[122]
安普特,[281]
11,[52]
沉0的单推人,[1147]
周刊少女,[875]
陈琳的老公谢天依,[754]
xxlonge,[660]
Faze陈琳,[430]
好好好好好完了,[426]
ok琳仔,[1320]
，我讲两句,[275]
我是我和我的我,[1289]
羁绊,[191]
提兹卡悲歌,[1221]
盒纤,[652]
红绳会第一幸运星,[615]
Crimson Requiem,[108]
彼得帕克,[]
SPYNGELION,[]
于回,[]
程先生,[]
大园桃子_official,[]
Lear,[]
Hello米豆豆,[]
给我驿进唐朝荔枝,[]
奶茶味的S7-DF7D0142,[]
李毅,[]
菲多艾米联科,[]
谢谢你，泰罗,[]
酋雷姆,[]
卡卡,[]
鹰击长空,[]
阿雅最爱陈琳,[]
NASA新,[]
好好好,[]
KaiserWilhelm,[]
琳神进圈我保研,[]
阿松,[]
暮光星琳,[]
Colin,[]
石榴可真是棒啊,[]
爱吃凤梨酥也爱Lynn,[]
哲学阿伟,[]
蘭。,[]
四禧丸子丁真,[]
反求诸己,[]
pxx,[]
打干只能凑人头版 sad,[]
桂楚楚单推人,[]
玳珏不是黛玉,[]
一只小Teemo_,[]
一块泥巴啊,[]
ToBOREAS,[]
用户-2019,[]
xxg,[]
琳又圆,[]
羽哦,[]
云衢千里明,[]
Vicky,[]
饿了想吃柠檬炸鸡,[]
xxxxx,[]
小七同学,[]
橋本奈々未,[]
宇过天晴,[]
呃呃,[]
花生,[]
莉莉卡,[]
jiayou a cl,[]
祁琳应援会,[]
猫老师,[]
多学习,[]
逆浪千秋123,[]
草子糕,[]
Young,[]
我哆啦实名冲刺！,[]
磕学家,[]
比你更爱星瞳,[]
ethereal-233,[]
bej-安雨晴,[]
NASA 2,[]
黎天晚,[]
我不是聚聚,[]
寻遥青,[]
韭菜鸡翅,[]
指导舒,[]
无相之面,[]
LJMMMMMMM,[]
金字塔,[]
reo,[]
HOC_GD,[]
王佳,[]
jiayou,[]
HTC,[]
杨鑫,[]
谭富英,[]
0066！,[]
Kiko-枝吱,[]
小猛,[]
凉宫春日的忧郁,[]
小琳勇闯天涯,[]
黎天晚二号机,[]
野肆,[]
肥宅王,[]
111,[]
方11,[]
空山读尽,[]
666,[]
cl,[]
小咕咚,[]
千层,[]
刘昊林,[]
黄婷婷,[]
琦琦,[]
百奇,[]
法老王,[]
卢卡•莫德里奇,[]
吉米大叔呀,[]
可爱小琳没有双马尾②,[]
沁栗水一枚,[]
图图,[]
小怪兽的快乐星球_,[]
小林睡不醒zZZ,[]
少皞,[]
支持拟态,[]
桃园张善政,[]
a冷yyh,[]
DreamL1小梦,[]
芋泥椰果去冰,[]
天朝战忽局菊座,[]
lauti,[]
三水各,[]
不碍事02,[]
火锅,[]
人头,[]
戴木,[]
苏三石,[]
新kmt连线,[]
Cww,[]
嗨皮痒痒,[]
曹操,[]
熊苡萱,[]
